title,Docking,Fitness
Ala237Pro,-0.056959403,0.014905076
Ala237Phe,0.894970825,0.051361368
Ala237Asp,0.913864962,-0.040957601
Ala237Gly,1.044734649,0.054891092
Ala237Tyr,1.061683801,0.098228055
Ala237Glu,1.078910809,0.10666985
Ala237His,1.087802167,0.052671108
Ala237Ser,1.103362045,0.062262939
Ala237Ile,1.155598777,0.075054107
Ala237Cys,1.198388441,0.096910013
Ala237Thr,1.234787441,0.094900208
Ala237Leu,1.298138372,0.028199726
Ala237Gln,1.351486524,0.152822334
Ala237Asn,1.367879967,0.03920388
Ala237Arg,1.501250347,0.341033518
Ala237Lys,1.533759378,0.108749836
Ala237Val,1.562934148,0.030271343